{
    "seq_len": 30,
    "threshold": 0.37,
    "threshold_precision": 0.8999658002735978,
    "threshold_recall": 0.9153043478260869,
    "threshold_fbeta": 0.9121949528563505,
    "mean_stress_probability": 0.2669108808040619,
    "max_stress_probability": 0.7119358777999878,
    "min_stress_probability": 0.06416631489992142,
    "auc": 0.9831516131732015,
    "accuracy": 0.9595929136826234,
    "f1": 0.9075702707363339,
    "precision": 0.8999658002735978,
    "recall": 0.9153043478260869,
    "tp": 5263,
    "fp": 585,
    "tn": 20195,
    "fn": 487
}