{
    "seq_len": 30,
    "threshold": 0.17,
    "threshold_precision": 0.00010112245929821013,
    "threshold_recall": 1.0,
    "threshold_fbeta": 0.0005054078641463662,
    "mean_stress_probability": 0.1936223804950714,
    "max_stress_probability": 0.2428613156080246,
    "min_stress_probability": 0.14630262553691864,
    "auc": 0.19291006283409917,
    "accuracy": 0.072768192048012,
    "f1": 0.00020222446916076846,
    "precision": 0.00010112245929821013,
    "recall": 1.0,
    "tp": 1,
    "fp": 9888,
    "tn": 775,
    "fn": 0
}