{
    "seq_len": 30,
    "threshold": 0.5,
    "auc": 0.9845846591622379,
    "accuracy": 0.9671692423671315,
    "f1": 0.9227083148460378,
    "precision": 0.9420184816089872,
    "recall": 0.9041739130434783,
    "tp": 5199,
    "fp": 320,
    "tn": 20460,
    "fn": 551
}