{
    "seq_len": 60,
    "threshold": 0.1,
    "threshold_precision": 0.0,
    "threshold_recall": 0.0,
    "threshold_fbeta": 0.0,
    "mean_stress_probability": 0.060582686215639114,
    "max_stress_probability": 0.7045102119445801,
    "min_stress_probability": 0.009372676722705364,
    "auc": 0.8839007827973215,
    "accuracy": 0.8874952847981894,
    "f1": 0.0,
    "precision": 0.0,
    "recall": 0.0,
    "tp": 0,
    "fp": 1192,
    "tn": 9411,
    "fn": 1
}