{
    "seq_len": 360,
    "threshold_precision": 0.5163170163170163,
    "threshold_recall": 0.5893939393939394,
    "threshold_fbeta": 0.5480895915678524,
    "accuracy": 0.7567567825317383,
    "test_loss": 0.7086133360862732,
    "f1": 0.5480895915678524,
    "precision": 0.5163170163170163,
    "recall": 0.5893939393939394,
    "mean_baseline_probability": 0.5481290817260742,
    "mean_amusement_probability": 0.13308997452259064,
    "mean_stress_probability": 0.31878095865249634
}