{
    "seq_len": 360,
    "threshold_precision": 0.8666666666666667,
    "threshold_recall": 0.6117216117216117,
    "threshold_fbeta": 0.6187127024722933,
    "accuracy": 0.7560975551605225,
    "test_loss": 0.715999960899353,
    "f1": 0.6187127024722933,
    "precision": 0.8666666666666667,
    "recall": 0.6117216117216117,
    "mean_baseline_probability": 0.534388542175293,
    "mean_amusement_probability": 0.18601462244987488,
    "mean_stress_probability": 0.27959680557250977
}