{
    "seq_len": 360,
    "threshold_precision": 0.5333333333333333,
    "threshold_recall": 0.5833333333333334,
    "threshold_fbeta": 0.5472370766488414,
    "accuracy": 0.75,
    "test_loss": 0.7118123769760132,
    "f1": 0.5472370766488414,
    "precision": 0.5333333333333333,
    "recall": 0.5833333333333334,
    "mean_baseline_probability": 0.560024619102478,
    "mean_amusement_probability": 0.14821553230285645,
    "mean_stress_probability": 0.29175981879234314
}