{
    "seq_len": 90,
    "threshold": 0.29000000000000004,
    "threshold_precision": 0.0017006802721088435,
    "threshold_recall": 1.0,
    "threshold_fbeta": 0.008445945945945946,
    "mean_stress_probability": 0.0806000754237175,
    "max_stress_probability": 0.8110145926475525,
    "min_stress_probability": 0.008045244961977005,
    "auc": 0.9466944892345632,
    "accuracy": 0.9443285280728376,
    "f1": 0.003395585738539898,
    "precision": 0.0017006802721088435,
    "recall": 1.0,
    "tp": 1,
    "fp": 587,
    "tn": 9956,
    "fn": 0
}