{
    "seq_len": 120,
    "threshold_precision": 0.6259850211657442,
    "threshold_recall": 0.6323004480899218,
    "threshold_fbeta": 0.6097424424941204,
    "accuracy": 0.7839999794960022,
    "test_loss": 0.5671231150627136,
    "f1": 0.6097424424941204,
    "precision": 0.6259850211657442,
    "recall": 0.6323004480899218,
    "mean_baseline_probability": 0.517119288444519,
    "mean_amusement_probability": 0.18267153203487396,
    "mean_stress_probability": 0.3002091646194458
}