{
    "seq_len": 120,
    "threshold_precision": 0.595329787884345,
    "threshold_recall": 0.6305828674249727,
    "threshold_fbeta": 0.6028561168609646,
    "accuracy": 0.774193525314331,
    "test_loss": 0.5646182298660278,
    "f1": 0.6028561168609646,
    "precision": 0.595329787884345,
    "recall": 0.6305828674249727,
    "mean_baseline_probability": 0.5194467306137085,
    "mean_amusement_probability": 0.16353175044059753,
    "mean_stress_probability": 0.31702151894569397
}