{
    "seq_len": 240,
    "threshold_precision": 0.8150793650793652,
    "threshold_recall": 0.6789473684210526,
    "threshold_fbeta": 0.7056552350669998,
    "accuracy": 0.8032786846160889,
    "test_loss": 0.6108717322349548,
    "f1": 0.7056552350669998,
    "precision": 0.8150793650793652,
    "recall": 0.6789473684210526,
    "mean_baseline_probability": 0.5533574223518372,
    "mean_amusement_probability": 0.18605540692806244,
    "mean_stress_probability": 0.2605871558189392
}